Brand,Store_Number,Store_Name,Ownership_Type,City,State,Country
Starbucks,47370-257954,"Meritxell, 96",Licensed,"Andorra la Vella",7,AD
Starbucks,22331-212325,"Ajman Drive Thru",Licensed,Ajman,AJ,AE
Starbucks,47089-256771,"Dana Mall",Licensed,Ajman,AJ,AE
Starbucks,22126-218024,"Twofour 54",Licensed,"Abu Dhabi",AZ,AE
Starbucks,17127-178586,"Al Ain Tower",Licensed,"Abu Dhabi",AZ,AE
Starbucks,17688-182164,"Dalma Mall, Ground Floor",Licensed,"Abu Dhabi",AZ,AE
Starbucks,18182-182165,"Dalma Mall, Level 1",Licensed,"Abu Dhabi",AZ,AE
Starbucks,23359-229184,"Debenhams Yas Mall",Licensed,"Abu Dhabi",AZ,AE
Starbucks,30781-99022,"Khalidiya Street",Licensed,"Abu Dhabi",AZ,AE
Starbucks,20423-205465,"Eastern Mangroves",Licensed,"Abu Dhabi",AZ,AE
Starbucks,20424-205466,"Nation Towers",Licensed,"Abu Dhabi",AZ,AE
Starbucks,1579-122101,"HCT Abu Dhabi Women's College Block",Licensed,"Abu Dhabi",AZ,AE
Starbucks,32595-122105,"Standard Chartered Building",Licensed,"Abu Dhabi",AZ,AE
Starbucks,24191-236428,"International Tower",Licensed,"Abu Dhabi",AZ,AE
Starbucks,24604-238367,"Yas Mall 3",Licensed,"Abu Dhabi",AZ,AE
Starbucks,32029-110804,"Blue Tower A",Licensed,"Abu Dhabi",AZ,AE
Starbucks,29560-238539,"Corniche Park DT",Licensed,"Abu Dhabi",AZ,AE
Starbucks,32239-100001,"Khalidiya Mall",Licensed,"Abu Dhabi",AZ,AE
Starbucks,31719-103601,"Al Wahda Mall",Licensed,"Abu Dhabi",AZ,AE
Starbucks,20008-200004,"Al Seef Village",Licensed,"Abu Dhabi",AZ,AE
Starbucks,32767-131566,"Shangri-La Souq",Licensed,"Abu Dhabi",AZ,AE
Starbucks,3886-141408,"Abu Dhabi University, Men's",Licensed,"Abu Dhabi",AZ,AE
Starbucks,29539-254261,"MUshrif Mall 1",Licensed,"Abu Dhabi",AZ,AE
Starbucks,28809-251348,"Boutik Mall Sun & Sky",Licensed,"Abu Dhabi",AZ,AE
Starbucks,34262-62540,"Marina Mall",Licensed,"Abu Dhabi",AZ,AE
Starbucks,3178-141407,"Abu Dhabi University, Women's",Licensed,"Abu Dhabi",AZ,AE
Starbucks,34260-17877,"Hamdan Street",Licensed,"Abu Dhabi",AZ,AE
Starbucks,21605-213406,"Saadiyat Island",Licensed,"Abu Dhabi",AZ,AE
Starbucks,1935-141406,"Camellia Flowers",Licensed,"Abu Dhabi",AZ,AE
Starbucks,20113-195784,Deerfields,Licensed,"Abu Dhabi",AZ,AE
Starbucks,34227-33225,"Abu Dhabi Mall",Licensed,"Abu Dhabi",AZ,AE
Starbucks,17361-180588,"Zayed University",Licensed,"Abu Dhabi",AZ,AE
Starbucks,15938-165686,"Bawabat Al Sharq",Licensed,"Abu Dhabi",AZ,AE
Starbucks,16453-170544,"Guardian Tower",Licensed,"Abu Dhabi",AZ,AE
Starbucks,24085-235545,"Ferrari World Welcome Pavilion",Licensed,"Abu Dhabi",AZ,AE
Starbucks,24932-239347,"Al Mamoura",Licensed,"Abu Dhabi",AZ,AE
Starbucks,18469-188844,"Ministry of Interior",Licensed,"Abu Dhabi",AZ,AE
Starbucks,28810-251346,"ADNOC Mushrif",Licensed,"Abu Dhabi",AZ,AE
Starbucks,1897-120044,"Twin Towers 13th Street",Licensed,"Abu Dhabi",AZ,AE
Starbucks,20772-207664,"Al Falah Community",Licensed,"Abu Dhabi",AZ,AE
Starbucks,2176-143834,"Abu Dhabi Police HQ",Licensed,"Abu Dhabi",AZ,AE
Starbucks,18530-169885,"Western Region",Licensed,"Abu Dhabi",AZ,AE
Starbucks,24931-239348,"Raha Garden",Licensed,"Abu Dhabi",AZ,AE
Starbucks,29306-253248,"Al Ain Ladies Club",Licensed,"Al Ain",AZ,AE
Starbucks,17291-169884,"Jahli Park",Licensed,"Al Ain",AZ,AE
Starbucks,32640-131563,"Tawam Hospital",Licensed,"Al Ain",AZ,AE
Starbucks,34332-97778,"Jimmy Mall",Licensed,"Al Ain",AZ,AE
Starbucks,16257-166109,"Al Ain Mall",Licensed,"Al Ain",AZ,AE
Starbucks,1926-141411,"Bawadi Mall",Licensed,"Al Ain",AZ,AE
Starbucks,24510-238164,"Wahat Hili Mall",Licensed,"Al Ain",AZ,AE
Starbucks,17788-183965,"Oasis Hospital",Licensed,"Al Ain",AZ,AE
Starbucks,22963-226644,"YAS Mall",Licensed,"Abu Dhabi",DU,AE
Starbucks,23197-228761,"Al Ruwais Mall",Licensed,"Abu Dhabi",DU,AE
Starbucks,23549-231166,"Shamkha Mall",Licensed,"Abu Dhabi",DU,AE
Starbucks,15060-156348,"Al Barsha Commercial",Licensed,"Al Barsha",DU,AE
Starbucks,34291-80114,"Umm Sequeim",Licensed,Dubai,DU,AE
Starbucks,27072-246650,"Reel Cinema",Licensed,Dubai,DU,AE
Starbucks,18751-188904,"Dubai Airport Concourse 3",Licensed,Dubai,DU,AE
Starbucks,18857-187024,"City Walk - Dubai",Licensed,Dubai,DU,AE
Starbucks,28908-251804,"DIFC 2",Licensed,Dubai,DU,AE
Starbucks,32250-107405,"The Residence Tower 1",Licensed,Dubai,DU,AE
Starbucks,34211-17922,"Emirates Tower",Licensed,Dubai,DU,AE
Starbucks,34315-87671,"Dubai Marina",Licensed,Dubai,DU,AE
Starbucks,23213-228760,"Dubai Airport - Concourse D West",Licensed,Dubai,DU,AE
Starbucks,30780-154130,"Mall of the Emirates - Ski #2",Licensed,Dubai,DU,AE
Starbucks,25406-240945,"Bin Sougat",Licensed,Dubai,DU,AE
Starbucks,32329-111864,"Old Town Amenity Building",Licensed,Dubai,DU,AE
Starbucks,32741-141410,Atlantis,Licensed,Dubai,DU,AE
Starbucks,17787-183964,"Jumeirah Beach Road",Licensed,Dubai,DU,AE
Starbucks,3183-143827,"Oasis Centre",Licensed,Dubai,DU,AE
Starbucks,32571-107873,"Jumeirah Beach Residence 3 P24a",Licensed,Dubai,DU,AE
Starbucks,23973-234507,"Dubai Airport T1 Landside Departure",Licensed,Dubai,DU,AE
Starbucks,32144-123448,"Old Town Commercial Island",Licensed,Dubai,DU,AE
Starbucks,34219-17920,"Al Gurrair Mall",Licensed,Dubai,DU,AE
Starbucks,32476-106835,"Jumeirah Beach Residence 6 GM10",Licensed,Dubai,DU,AE
Starbucks,7073-204444,"Atlantis The Avenues",Licensed,Dubai,DU,AE
Starbucks,18026-187444,"Jumeirah Villa",Licensed,Dubai,DU,AE
Starbucks,34284-65720,"Mercato Town Centre",Licensed,Dubai,DU,AE
Starbucks,32117-116426,"Emaar Business Park",Licensed,Dubai,DU,AE
Starbucks,20347-204885,"DBX - Term 2 Landside",Licensed,Dubai,DU,AE
Starbucks,49595-270099,DED,Licensed,Dubai,DU,AE
Starbucks,32292-111724,"Burj Dubai Business Park",Licensed,Dubai,DU,AE
Starbucks,4141-147544,"Motor City",Licensed,Dubai,DU,AE
Starbucks,21600-213424,"ENOC 1001",Licensed,Dubai,DU,AE
Starbucks,47514-254743,Riverland,Licensed,Dubai,DU,AE
Starbucks,26471-239345,"Me'Aissem City Center",Licensed,Dubai,DU,AE
Starbucks,25879-242844,"Etihad Mall",Licensed,Dubai,DU,AE
Starbucks,6137-116711,"Park Place Showmax",Licensed,Dubai,DU,AE
Starbucks,3173-122109,"Arabian Centre",Licensed,Dubai,DU,AE
Starbucks,23212-228759,"Dubai Airport - Concourse D East",Licensed,Dubai,DU,AE
Starbucks,34335-97976,"Gardens 3",Licensed,Dubai,DU,AE
Starbucks,1801-136467,"Dubai Mall LG 118",Licensed,Dubai,DU,AE
Starbucks,31199-104340,"Deira City Center 4",Licensed,Dubai,DU,AE
Starbucks,31853-109684,"Sahara Tower",Licensed,Dubai,DU,AE
Starbucks,28811-251347,"Shindagha Centre",Licensed,Dubai,DU,AE
Starbucks,6106-148051,"Dubai Academic City",Licensed,Dubai,DU,AE
Starbucks,34317-95971,"Madina Jumeirah",Licensed,Dubai,DU,AE
Starbucks,32269-114734,"21st Century Tower",Licensed,Dubai,DU,AE
Starbucks,34337-97975,"Gardens 2",Licensed,Dubai,DU,AE
Starbucks,4143-147546,"Mirdif City Center - Central Atrium",Licensed,Dubai,DU,AE
Starbucks,30954-99024,"Health Care City Dubai",Licensed,Dubai,DU,AE
Starbucks,1609-136468,"Dubai Mall G 223",Licensed,Dubai,DU,AE
Starbucks,34249-62099,"Wafi Mall",Licensed,Dubai,DU,AE
Starbucks,23863-233552,"Dubai Mall 4",Licensed,Dubai,DU,AE
Starbucks,31338-103600,"Uptown Mirdif",Licensed,Dubai,DU,AE
Starbucks,34209-17918,"Deira City Center Mall",Licensed,Dubai,DU,AE
Starbucks,34210-16835,"Palm Strip",Licensed,Dubai,DU,AE
Starbucks,28258-250593,"Starbuck Box Park",Licensed,Dubai,DU,AE
Starbucks,32523-106836,"JBR 1 Rimal Plaza",Licensed,Dubai,DU,AE
Starbucks,24927-239346,"Dubai Festival City",Licensed,Dubai,DU,AE
Starbucks,32328-123449,"Al Ghadeer Tower",Licensed,Dubai,DU,AE
Starbucks,34292-76574,"Jebel Ali",Licensed,Dubai,DU,AE
Starbucks,26743-245288,"MoE Level 2 Extension",Licensed,Dubai,DU,AE
Starbucks,26048-243344,"Borders  Mall of the Emirates",Licensed,Dubai,DU,AE
Starbucks,32714-122107,Movenpick,Licensed,Dubai,DU,AE
Starbucks,1968-136466,"Dubai Marina Mall",Licensed,Dubai,DU,AE
Starbucks,27950-248318,Mudon,Licensed,Dubai,DU,AE
Starbucks,32425-106837,"JBR 2 Rimal Marina",Licensed,Dubai,DU,AE
Starbucks,32457-106838,"Jumeirah Beach Residence 4 GM09",Licensed,Dubai,DU,AE
Starbucks,48097-261445,"Starbucks - Boulevard Plaza",Licensed,Dubai,DU,AE
Starbucks,1577-123446,"DBX - Dubai Airport Terminal 3 C201",Licensed,Dubai,DU,AE
Starbucks,3169-123447,"DBX - Dubai Airport Terminal 3 C207",Licensed,Dubai,DU,AE
Starbucks,34336-97974,"Gardens 1",Licensed,Dubai,DU,AE
Starbucks,48522-263630,"Outlet Village",Licensed,Dubai,DU,AE
Starbucks,24139-236004,"ENOC 1009 DT",Licensed,Dubai,DU,AE
Starbucks,34320-74020,"Burjuman Centre II",Licensed,Dubai,DU,AE
Starbucks,15976-165685,"Al Barsha Coop",Licensed,Dubai,DU,AE
Starbucks,16528-168726,"Spinney's Silicon Oasis",Licensed,Dubai,DU,AE
Starbucks,22125-218025,"Carrefour Green Community",Licensed,Dubai,DU,AE
Starbucks,18837-193244,"World Trade Centre",Licensed,Dubai,DU,AE
Starbucks,31002-101076,"Emaar Town Center",Licensed,Dubai,DU,AE
Starbucks,34346-97779,"Knowledge Village",Licensed,Dubai,DU,AE
Starbucks,48396-262946,"Bay Avenue - Business Bay",Licensed,Dubai,DU,AE
Starbucks,17045-172945,"Fujairah City Centre",Licensed,Fujairah,FU,AE
Starbucks,28071-249840,"LuLu Fujairah",Licensed,Fujairah,FU,AE
Starbucks,1911-138604,"Al Hamra Mall",Licensed,"Ras Al Khaimah",RK,AE
Starbucks,34228-219605,"Al Manar Mall -",Licensed,"Ras Al Khaimah",RK,AE
Starbucks,3172-113584,"Safeer Mall",Licensed,"Ras Al Khaimah",RK,AE
Starbucks,17964-183966,"Sharjah Corniche",Licensed,Sharjah,SH,AE
Starbucks,34252-54259,"Mega Mall",Licensed,Sharjah,SH,AE
Starbucks,34253-62541,"Bukhatir Tower",Licensed,Sharjah,SH,AE
Starbucks,1359-138434,"Qanat Al Qasba",Licensed,Sharjah,SH,AE
Starbucks,34259-54260,"Sahara Center",Licensed,Sharjah,SH,AE
Starbucks,34217-27108,"American University of Sharjah",Licensed,Sharjah,SH,AE
Starbucks,22697-223524,"UAQ Drive Thru",Licensed,"Umm Al Quwain",UQ,AE
Starbucks,1278-139526,"Alto Avelleneda",Licensed,Avellaneda,B,AR
Starbucks,16436-159304,Soleil,Licensed,Boulogne,B,AR
Starbucks,47294-254164,Arevalo,Licensed,"Buenos Aires",B,AR
Starbucks,25823-198067,"Terrazas de Mayo",Licensed,"Buenos Aires",B,AR
Starbucks,15008-157047,"San Isidro",Licensed,"Buenos Aires",B,AR
Starbucks,26540-219150,Alvear,Licensed,"Buenos Aires",B,AR
Starbucks,47751-259030,"Plaza Barrientos",Licensed,Caba,B,AR
Starbucks,47750-259026,Bellini,Licensed,Caba,B,AR
Starbucks,16898-173464,Ezeiza,Licensed,Ezeiza,B,AR
Starbucks,8091-151284,Martinez,Licensed,Martinez,B,AR
Starbucks,1271-136936,"Unicenter Shopping",Licensed,Martinez,B,AR
Starbucks,8895-151508,"Plaza Oeste",Licensed,Moron,B,AR
Starbucks,15006-157046,Champagnat,Licensed,Pilar,B,AR
Starbucks,15219-158845,"Las Palmas",Licensed,Pilar,B,AR
Starbucks,47724-230145,Austral,Licensed,Pilar,B,AR
Starbucks,15474-156010,Quilmes,Licensed,Quilmes,B,AR
Starbucks,16786-175824,"Segundo Fernandez",Licensed,"San Isidro",B,AR
Starbucks,16444-169428,"San Justo",Licensed,"San Justo",B,AR
Starbucks,3632-142527,Nordelta,Licensed,Tigre,B,AR
Starbucks,3628-142530,"Buenos Aires Mall",Licensed,Tortuguitas,B,AR
Starbucks,15478-161685,Maipu,Licensed,"Vicente Lopez",B,AR
Starbucks,26464-238685,"Jean Jaures",Licensed,"Buenos Aires",C,AR
Starbucks,7123-150606,Maure,Licensed,"Buenos Aires",C,AR
Starbucks,26539-230148,Ayacucho,Licensed,"Buenos Aires",C,AR
Starbucks,25324-219149,Honduras,Licensed,"Buenos Aires",C,AR
Starbucks,13054-156007,"Juana Azurduy",Licensed,"Buenos Aires",C,AR
Starbucks,15654-164107,Cabildo,Licensed,"Buenos Aires",C,AR
Starbucks,15329-160024,"Rodriguez Pena",Licensed,"Buenos Aires",C,AR
Starbucks,26461-232984,"Gran Rex",Licensed,"Buenos Aires",C,AR
Starbucks,16744-173424,"Paseo de la Infanta",Licensed,"Buenos Aires",C,AR
Starbucks,26535-240364,"Galeria guemes",Licensed,"Buenos Aires",C,AR
Starbucks,47283-246923,Roosvelt,Licensed,"Buenos Aires",C,AR
Starbucks,1290-142064,Malabia,Licensed,"Buenos Aires",C,AR
Starbucks,49438-156016,"Plaza Serrano","Joint Venture","Buenos Aires",C,AR
Starbucks,9126-151506,"Edificio Pirelli",Licensed,"Buenos Aires",C,AR
Starbucks,20313-198064,Arcos,Licensed,"Buenos Aires",C,AR
Starbucks,16600-173444,Congreso,Licensed,"Buenos Aires",C,AR
Starbucks,1270-136935,"Federico Lacroze",Licensed,"Buenos Aires",C,AR
Starbucks,16743-175224,"Callao y Santa Fe",Licensed,"Buenos Aires",C,AR
Starbucks,1282-139530,"Galerias -Cordoba",Licensed,"Buenos Aires",C,AR
Starbucks,1273-137353,"Los Molinos",Licensed,"Buenos Aires",C,AR
Starbucks,3525-142748,"DOT Planta Baja",Licensed,"Buenos Aires",C,AR
Starbucks,1284-140707,Elcano,Licensed,"Buenos Aires",C,AR
Starbucks,17802-185946,Conquistador,Licensed,"Buenos Aires",C,AR
Starbucks,26459-238684,"Florida Plaza",Licensed,"Buenos Aires",C,AR
Starbucks,32499-133544,"Alto Palermo",Licensed,"Buenos Aires",C,AR
Starbucks,1277-139525,Viamonte,Licensed,"Buenos Aires",C,AR
Starbucks,9199-152184,"Paseo Alcorta",Licensed,"Buenos Aires",C,AR
Starbucks,3803-153444,"Yatch V",Licensed,"Buenos Aires",C,AR
Starbucks,29536-246926,Pampa,Licensed,"Buenos Aires",C,AR
Starbucks,16370-170264,"Avenida de Mayo",Licensed,"Buenos Aires",C,AR
Starbucks,1281-139529,"Edificio Republica",Licensed,"Buenos Aires",C,AR
Starbucks,19948-198065,"Edificio Intercontinental",Licensed,"Buenos Aires",C,AR
Starbucks,15142-156008,UCA,Licensed,"Buenos Aires",C,AR
Starbucks,24877-228684,"Recoleta Mall",Licensed,"Buenos Aires",C,AR
Starbucks,19944-202505,"UADE II",Licensed,"Buenos Aires",C,AR
Starbucks,15005-157045,"Parque Rivadavia",Licensed,"Buenos Aires",C,AR
Starbucks,6177-149892,"Avenida La Plata",Licensed,"Buenos Aires",C,AR
Starbucks,16479-169427,Tribunales,Licensed,"Buenos Aires",C,AR
Starbucks,15509-158844,"Portal Palermo",Licensed,"Buenos Aires",C,AR
Starbucks,17243-180104,"Devoto Shopping",Licensed,"Buenos Aires",C,AR
Starbucks,7027-149890,Castex,Licensed,"Buenos Aires",C,AR
Starbucks,24640-221027,Huidobro,Licensed,"Buenos Aires",C,AR
Starbucks,1279-139527,"Abasto Shopping Center",Licensed,"Buenos Aires",C,AR
Starbucks,15653-164104,"Callao - Buenos Aires",Licensed,"Buenos Aires",C,AR
Starbucks,26538-230144,BIND,Licensed,"Buenos Aires",C,AR
Starbucks,20619-198066,"Edificio Bank Boston",Licensed,"Buenos Aires",C,AR
Starbucks,7152-150785,UADE,Licensed,"Buenos Aires",C,AR
Starbucks,15098-156012,"Ramos Mejia",Licensed,"Buenos Aires",C,AR
Starbucks,15459-161686,"San Telmo",Licensed,"Buenos Aires",C,AR
Starbucks,15059-157325,Mansilla,Licensed,"Buenos Aires",C,AR
Starbucks,1285-140708,"Florida 1",Licensed,"Buenos Aires",C,AR
Starbucks,15058-157324,Austria,Licensed,"Buenos Aires",C,AR
Starbucks,16237-169426,"BA design",Licensed,"Buenos Aires",C,AR
Starbucks,8177-151507,Reconquista,Licensed,"Buenos Aires",C,AR
Starbucks,3629-142529,Cabello,Licensed,"Buenos Aires",C,AR
Starbucks,23695-219147,Alliance,Licensed,"Buenos Aires",C,AR
Starbucks,16690-174425,Olleros,Licensed,"Buenos Aires",C,AR
Starbucks,24076-221025,Clinicas,Licensed,"Buenos Aires",C,AR
Starbucks,15672-164105,Peru.,Licensed,"Buenos Aires",C,AR
Starbucks,3633-142525,Defensores,Licensed,"Buenos Aires",C,AR
Starbucks,25325-232985,"Julian Alvarez",Licensed,"Buenos Aires",C,AR
Starbucks,19945-198044,"Abasto 2",Licensed,"Buenos Aires",C,AR
Starbucks,15458-161684,Triunvirato,Licensed,"Buenos Aires",C,AR
Starbucks,3554-153291,Pueyrredon,Licensed,"Buenos Aires",C,AR
Starbucks,15150-156011,Lomitas,Licensed,"Buenos Aires",C,AR
Starbucks,4034-136938,Panamericano,Licensed,"Buenos Aires",C,AR
Starbucks,8090-154364,"Caesar Park",Licensed,"Buenos Aires",C,AR
Starbucks,24876-231226,"Villa Crespo",Licensed,"Buenos Aires",C,AR
Starbucks,26472-239830,Talcahuano,Licensed,"Buenos Aires",C,AR
Starbucks,9125-149965,Migueletes,Licensed,"Buenos Aires",C,AR
Starbucks,21445-212345,"Village Caballito",Licensed,Caba,C,AR
Starbucks,20331-204904,Olazabal,Licensed,Caba,C,AR
Starbucks,21525-212344,"Galerias II",Licensed,Caba,C,AR
Starbucks,47742-259028,"La Barraca",Licensed,Mendoza,M,AR
Starbucks,47803-259029,"Plaza Espana Mendoza",Licensed,Mendoza,M,AR
Starbucks,17240-171905,"Mendoza Plaza Shopping",Licensed,Mendoza,M,AR
Starbucks,47752-259027,Espejo,Licensed,Mendoza,M,AR
Starbucks,17241-171904,"Palmares Open Mall",Licensed,Mendoza,M,AR
Starbucks,15673-163045,"Boulevard Orono.",Licensed,Rosario,S,AR
Starbucks,15651-163044,"Alto Rosario",Licensed,Rosario,S,AR
Starbucks,47305-254784,"Paseo del Siglo",Licensed,"Santa Fe",S,AR
Starbucks,47235-248696,"Buen Pastor",Licensed,Cordoba,X,AR
Starbucks,47289-254786,Estrada,Licensed,Cordoba,X,AR
Starbucks,16161-168806,Canada,Licensed,Cordoba,X,AR
Starbucks,22131-168807,"Dinosaurio Mall",Licensed,Cordoba,X,AR
Starbucks,16290-163049,Nuevocentro,Licensed,Cordoba,X,AR
Starbucks,16302-163050,"Cordoba Shopping",Licensed,Cordoba,X,AR
Starbucks,21998-216824,SCS,"Company Owned",Vosendorf,3,AT
Starbucks,19939-196684,Europark,"Company Owned",Salzburg,5,AT
Starbucks,21799-140452,Hagenauerplatz,"Company Owned",Salzburg,5,AT
Starbucks,19767-199325,"Forum 1","Company Owned",Salzburg,5,AT
Starbucks,25921-242984,"Vienna Airport - landside (Kiosk)",Licensed,Schwechat,9,AT
Starbucks,40206-77760,Neubaugasse,"Company Owned",Wien,9,AT
Starbucks,40202-69420,"Millennium City","Company Owned",Wien,9,AT
Starbucks,23739-161864,"Hauptbahnhof Wien","Company Owned",Wien,9,AT
Starbucks,15134-158024,Braunerstrasse,"Company Owned",Wien,9,AT
Starbucks,40213-99693,Michaelerplatz,"Company Owned",Wien,9,AT
Starbucks,40212-96779,"AKH Allgemeines Krankenhaus","Company Owned",Wien,9,AT
Starbucks,40204-76700,"Mariahilfer Strasse","Company Owned",Wien,9,AT
Starbucks,31077-103980,Rotenturmstrasse,"Company Owned",Wien,9,AT
Starbucks,32495-133884,Invalidenstrasse,"Company Owned",Wien,9,AT
Starbucks,13074-150484,Donauzentrum,"Company Owned",Wien,9,AT
Starbucks,19247-200084,Westbahnhof,"Company Owned",Wien,9,AT
Starbucks,17786-183845,Schottengasse,"Company Owned",Wien,9,AT
Starbucks,32492-120288,Karlsplatzpassage,"Company Owned",Wien,9,AT
Starbucks,49778-271255,Manly,Licensed,Manly,NSW,AU
Starbucks,25291-240407,"Mount Druitt",Licensed,"Mt Druitt",NSW,AU
Starbucks,48100-261428,"Westfield Parramatta",Licensed,Parramatta,NSW,AU
Starbucks,25277-240391,Haymarket,Licensed,Sydney,NSW,AU
Starbucks,25290-240408,"Queen Victoria Building",Licensed,Sydney,NSW,AU
Starbucks,25296-240405,"Wynyard Green",Licensed,Sydney,NSW,AU
Starbucks,25276-240390,"Hyde park",Licensed,Sydney,NSW,AU
Starbucks,25279-240396,"525 George Street",Licensed,Sydney,NSW,AU
Starbucks,25299-240395,"Westmead Childrens Hospital",Licensed,Westmead,NSW,AU
Starbucks,25282-240406,"Queens Plaza",Licensed,Brisbane,QLD,AU
Starbucks,25278-240393,"Myer Centre",Licensed,Brisbane,QLD,AU
Starbucks,25288-240410,Broadbeach,Licensed,Broadbeach,QLD,AU
Starbucks,25287-240411,"Westfield Chermside",Licensed,Chermside,QLD,AU
Starbucks,25292-240421,"Cavill Avenue",Licensed,"Gold Coast",QLD,AU
Starbucks,25285-240413,"Chevron Renaissance",Licensed,"Surfers Paradise",QLD,AU
Starbucks,24303-236999,"Garden City - Upper Mt Gravatt",Licensed,"Upper Mt Gravatt",QLD,AU
Starbucks,25295-240418,"Princess Alexandra Hospital",Licensed,Wooloongabba,QLD,AU
Starbucks,25294-240419,"235 Bourke Street",Licensed,Melbourne,VIC,AU
Starbucks,25293-240420,"2 Elizabeth Street",Licensed,Melbourne,VIC,AU
Starbucks,25286-240412,"DFO Spencer Street",Licensed,Melbourne,VIC,AU
Starbucks,25283-240416,"Swanston Street",Licensed,Melbourne,VIC,AU
Starbucks,49790-270953,"Galleria - Melbourne",Licensed,Melbourne,VIC,AU
Starbucks,15476-160864,"Paseo Herencia",Licensed,Noord,AW,AW
Starbucks,3635-146029,"Renaissance Seaport Marketplace",Licensed,Oranjestad,AW,AW
Starbucks,3634-146030,"Renaissance Mall - Aruba",Licensed,Oranjestad,AW,AW
Starbucks,28752-250830,"Mall 28",Licensed,Baku,BA,AZ
Starbucks,25822-240094,"Port Baku",Licensed,Baku,BA,AZ
Starbucks,28135-250266,"Ganjlik Mall",Licensed,Narimonov,BA,AZ
Starbucks,29399-253484,TARGOVI,Licensed,Baku,SAB,AZ
Starbucks,48462-260556,"Brussels Schuman Metro Station",Licensed,Brussels,BE,BE
Starbucks,26401-240667,"Brussels Louise Metro Station",Licensed,Brussels,BE,BE
Starbucks,26399-240668,"Brussels - Gare du Midi (M)",Licensed,Brussels,BE,BE
Starbucks,48459-260557,"Brussels Metro Station",Licensed,Brussels,BE,BE
Starbucks,18497-185504,"Antwerp Groenplaats",Licensed,Antwerp,VAN,BE
Starbucks,20374-205052,"Brussel Grand Place",Licensed,Brussels,VBR,BE
Starbucks,18478-186824,"Rogier Subway Station",Licensed,Brussels,VBR,BE
Starbucks,6104-148664,"Antwerp Centraal Railway Station",Licensed,Antwerp,VLG,BE
Starbucks,17990-180284,"Bruges Railway Station",Licensed,Brugges,VLG,BE
Starbucks,15272-158067,"Brussels (CS)",Licensed,Brussels,VLG,BE
Starbucks,17299-177127,"Gent Sint Pieters Station",Licensed,Gent,VLG,BE
Starbucks,15759-164604,"Gent Korenmarkt",Licensed,Gent,VLG,BE
Starbucks,20894-198024,"Leuven Railway Station",Licensed,Leuven,VLG,BE
Starbucks,17489-177128,"Brussels North Station",Licensed,Schaerbeek,VLG,BE
Starbucks,32639-137287,"Brussels Airport Depart. Hall",Licensed,Zaventem,VLG,BE
Starbucks,1338-245953,"Brussels Airport Concourse A",Licensed,Zaventem,VLG,BE
Starbucks,6030-137290,"Brussels Airport Concourse B",Licensed,Zaventem,VLG,BE
Starbucks,28830-248724,"Liege Guillemins Station",Licensed,Liege,WAL,BE
Starbucks,19372-201645,"Gare de Namur",Licensed,Namur,WAL,BE
Starbucks,1460-137881,"Burgas Plaza Mall",Licensed,Burgas,2,BG
Starbucks,1459-137880,"Hermes Park",Licensed,Sofia,23,BG
Starbucks,22556-222345,"Paradise Mall",Licensed,Sofia,23,BG
Starbucks,1603-141846,"Sofia Gurko",Licensed,Sofia,23,BG
Starbucks,1370-137876,"Nansen and Levski",Licensed,Sofia,23,BG
Starbucks,47088-256773,"The Courtyard",Licensed,Bahrain,13,BH
Starbucks,21603-213405,"Saar Mall",Licensed,Manama,13,BH
Starbucks,17255-179926,"Enma Mall, Riffa",Licensed,Manama,13,BH
Starbucks,17189-179925,"Cypress Garden",Licensed,Manama,13,BH
Starbucks,15439-161444,"Nakheel Centre",Licensed,Manama,13,BH
Starbucks,47377-258065,"El Mercado",Licensed,Manama,13,BH
Starbucks,26955-246149,"Oasis Centre East Riffa",Licensed,Manama,13,BH
Starbucks,21148-209545,"Marriott Juffair",Licensed,Manama,13,BH
Starbucks,34324-95973,"ستراند بلازا",Licensed,البحرين,13,BH
Starbucks,34234-33223,"مجمع البحرين",Licensed,البحرين,13,BH
Starbucks,34286-79020,باديز,Licensed,الزينج,13,BH
Starbucks,1349-112145,"حديقة مركز الدبلوماسي",Licensed,المنامة,13,BH
Starbucks,32717-122090,"البحرين, سيتي سنتر",Licensed,المنامة,13,BH
Starbucks,34218-27369,"مجمع السيف",Licensed,المنامة,13,BH
Starbucks,34345-98401,"مركز المنامة",Licensed,المنامة,13,BH
Starbucks,32716-134986,"بحرين, سيتي سنتر, دبنهامز",Licensed,المنامة,13,BH
Starbucks,18359-188905,"The Walk",Licensed,"Al Riffa",14,BH
Starbucks,34302-86720,"سند (يم يم)",Licensed,سند,14,BH
Starbucks,23604-225764,"Muharraq Mall",Licensed,Manama,15,BH
Starbucks,1582-122086,"Lagoons Amwaj Island",Licensed,Muharraq,15,BH
Starbucks,3639-145205,"مطار البحرين بوابة 16",Licensed,المنامة,15,BH
Starbucks,26078-242484,"KUALA BELAIT",Licensed,Brunei,BE,BN
Starbucks,22537-220404,"Mabohai Shopping Mall",Licensed,"Bandar Seri Begawan",BM,BN
Starbucks,22537-221644,"Mabohai Shopping Mall",Licensed,"Bandar Seri Begawan",BM,BN
Starbucks,24922-223884,"Beribi Drive-Thru",Licensed,"Brunei Muara District",BM,BN
Starbucks,25025-239325,"Jalan Tutong",Licensed,"Mukim Kilanas",TU,BN
Starbucks,24171-224044,"La Salle - Santa Cruz",Licensed,"Santa Cruz",S,BO
Starbucks,27289-247144,Velarde,Licensed,"Santa Cruz",S,BO
Starbucks,26388-239190,"Las Brisas",Licensed,"Santa Cruz",S,BO
Starbucks,24172-224045,"Ventura Mall",Licensed,"Santa Cruz",S,BO
Starbucks,16178-168205,"Rua Moreira César","Company Owned",Niteroi,RJ,BR
Starbucks,15158-240092,"Plaza Niteroi Relo","Company Owned",Niteroi,RJ,BR
Starbucks,24246-236684,"Plaza Niteroi 2","Company Owned",Niteroi,RJ,BR
Starbucks,16680-172329,"Shopping da Gavea","Company Owned","Rio de Janeiro",RJ,BR
Starbucks,25120-238328,"Aeroporto Galeao Mezanino","Company Owned","Rio de Janeiro",RJ,BR
Starbucks,24957-239367,"Assembleia x Carmo","Company Owned","Rio de Janeiro",RJ,BR
Starbucks,17029-178774,"Visconde de Piraja","Company Owned","Rio de Janeiro",RJ,BR
Starbucks,26236-238690,"Ataulfo de Paiva 313","Company Owned","Rio de Janeiro",RJ,BR
Starbucks,1616-129745,"Shopping Rio Sul","Company Owned","Rio de Janeiro",RJ,BR
Starbucks,15077-144229,"Botafogo Praia Shopping","Company Owned","Rio de Janeiro",RJ,BR
Starbucks,17622-182367,"Shopping Tijuca","Company Owned","Rio de Janeiro",RJ,BR
Starbucks,27154-153758,"New York City Center","Company Owned","Rio de Janeiro",RJ,BR
Starbucks,17032-178778,"Norte Shopping","Company Owned","Rio de Janeiro",RJ,BR
Starbucks,21347-211845,"Shopping Nova America 2","Company Owned","Rio de Janeiro",RJ,BR
Starbucks,16262-168204,"Goncalves Dias","Company Owned","Rio de Janeiro",RJ,BR
Starbucks,17575-183485,"Cinema Odeon","Company Owned","Rio de Janeiro",RJ,BR
Starbucks,23181-228184,"Miguel Couto","Company Owned","Rio de Janeiro",RJ,BR
Starbucks,16511-172333,"Edificio Argentina","Company Owned","Rio de Janeiro",RJ,BR
Starbucks,16512-172326,"Shopping Via Parque","Company Owned","Rio de Janeiro",RJ,BR
Starbucks,1597-144232,"Downtown Shopping","Company Owned","Rio de Janeiro",RJ,BR
Starbucks,19039-198109,"Nossa Senhora de Copacabana","Company Owned","Rio de Janeiro",RJ,BR
Starbucks,15072-205624,"Shopping Leblon Kiosk","Company Owned","Rio de Janeiro",RJ,BR
Starbucks,21722-214113,"Barra Shopping 3","Company Owned","Rio de Janeiro",RJ,BR
Starbucks,20361-204804,"Shopping Plaza Sul","Company Owned","Atrium Térreo",SP,BR
Starbucks,1620-137556,"Shopping Tambore","Company Owned",Barueri,SP,BR
Starbucks,23537-230924,"Bauru Shopping","Company Owned",Bauru,SP,BR
Starbucks,15073-141445,"Parque D. Pedro Shopping","Company Owned",Campinas,SP,BR
Starbucks,22630-222405,"Campinas Shopping","Company Owned",Campinas,SP,BR
Starbucks,22049-217325,"Aer. Intl. Viracopos Desembarque","Company Owned",Campinas,SP,BR
Starbucks,22050-217324,"Aer. Intl. Viracopos Embarque","Company Owned",Campinas,SP,BR
Starbucks,15075-132765,Cambui,"Company Owned",Campinas,SP,BR
Starbucks,15088-132764,"Shopping Iguatemi Campinas","Company Owned",Campinas,SP,BR
Starbucks,16820-172334,"Galleria Shopping","Company Owned",Campinas,SP,BR
Starbucks,21346-210669,"Aero Intl GRU TermII Mezzanine","Company Owned",Guarulhos,SP,BR
Starbucks,21404-212164,"Aero Guarulhos Term II Sup Finger","Company Owned",Guarulhos,SP,BR
Starbucks,22074-252023,"Aeroporto Intl Guarulhos III","Company Owned",Guarulhos,SP,BR
Starbucks,21240-209666,"Shopping Intl de Guarulhos Kiosk","Company Owned",Guarulhos,SP,BR
Starbucks,23069-227505,"Parque Shopping Maia B","Company Owned",Guarulhos,SP,BR
Starbucks,21349-210668,"Aero Intl GRU TermII Praca","Company Owned",Guarulhos,SP,BR
Starbucks,22886-225568,"Shopping Piracicaba","Company Owned",Piracicaba,SP,BR
Starbucks,20462-205664,"Iguatemi Ribeirao Preto","Company Owned","Ribeirao Preto",SP,BR
Starbucks,21496-211625,"Ribeirao Shopping Store 2","Company Owned","Ribeirao Preto",SP,BR
Starbucks,19113-196825,"Ribeirao Shop Quiosque Expansao C&C","Company Owned","Ribeirao Preto",SP,BR
Starbucks,16179-165745,"Shopping ABC","Company Owned","Santo Andre",SP,BR
Starbucks,23697-232164,"Praiamar Shopping","Company Owned",Santos,SP,BR
Starbucks,18892-196485,"Sao Bernado Plaza Shopping","Company Owned","Sao Bernardo do Campo",SP,BR
Starbucks,21501-211525,"Shopping Metropole  Saraiva","Company Owned","Sao Bernardo do Campo",SP,BR
Starbucks,16270-153754,"Park Shopping São Caetano","Company Owned","Sao Caetano",SP,BR
Starbucks,19116-198104,"Colinas Shopping","Company Owned","Sao Jose do Campos",SP,BR
Starbucks,19036-198105,"Center Vale Shopping","Company Owned","Sao Jose do Campos",SP,BR
Starbucks,19154-196844,"Rio Preto Shopping","Company Owned","Sao Jose do Rio Preto",SP,BR
Starbucks,22625-221985,"Iguatemi Rio Preto","Company Owned","Sao Jose do Rio Preto",SP,BR
Starbucks,22787-224488,"Vale Sul 2","Company Owned","Sao Jose dos Campos",SP,BR
Starbucks,24812-236264,"Hospital Beneficencia Portuguesa","Company Owned","Sao Paulo",SP,BR
Starbucks,24953-238607,"Aeroporto de Congonhas Cafe","Company Owned","Sao Paulo",SP,BR
Starbucks,15083-119364,"Shopping Center 3","Company Owned","Sao Paulo",SP,BR
Starbucks,25258-218466,"CCP Shopping Cidade Sao Paulo","Company Owned","Sao Paulo",SP,BR
Starbucks,16828-174131,"Pavao, 667","Company Owned","Sao Paulo",SP,BR
Starbucks,26526-244252,"Metro Santa Cruz Store 2","Company Owned","Sao Paulo",SP,BR
Starbucks,13018-155344,"Haddock Lobo","Company Owned","Sao Paulo",SP,BR
Starbucks,17030-178614,"Shopping Metrô Boulevard Tatuapé","Company Owned","Sao Paulo",SP,BR
Starbucks,17076-174965,"Shopping Metro Tucuruvi","Company Owned","Sao Paulo",SP,BR
Starbucks,22747-223964,"Paulista 2026","Company Owned","Sao Paulo",SP,BR
Starbucks,16732-171265,Berrini,"Company Owned","Sao Paulo",SP,BR
Starbucks,15076-137360,"Shopping Center Norte","Company Owned","Sao Paulo",SP,BR
Starbucks,23535-230929,"Paulista 500","Company Owned","Sao Paulo",SP,BR
Starbucks,15087-119368,"Bourbon Shopping","Company Owned","Sao Paulo",SP,BR
Starbucks,15071-139724,"Shopping Villa Lobos","Company Owned","Sao Paulo",SP,BR
Starbucks,17760-185965,E-business,"Company Owned","Sao Paulo",SP,BR
Starbucks,18850-196006,"Metro Tatuape","Company Owned","Sao Paulo",SP,BR
Starbucks,20182-203439,"Shopping Paulista Saraiva","Company Owned","Sao Paulo",SP,BR
Starbucks,21972-216324,"Shopping Frei Caneca Kiosk","Company Owned","Sao Paulo",SP,BR
Starbucks,18328-189824,"Jundiai Shopping","Company Owned","Sao Paulo",SP,BR
Starbucks,15089-138507,"Desembargador Eliseu Guilherme","Company Owned","Sao Paulo",SP,BR
Starbucks,24299-237048,"Shopping Metro Itaquera","Company Owned","Sao Paulo",SP,BR
Starbucks,15290-159665,"Anhembi Morumbi Centro","Company Owned","Sao Paulo",SP,BR
Starbucks,16693-174504,"Rua Augusta, 1987","Company Owned","Sao Paulo",SP,BR
Starbucks,15080-108726,"Shopping Higienópolis","Company Owned","Sao Paulo",SP,BR
Starbucks,15090-129744,"Brascan Open Mall","Company Owned","Sao Paulo",SP,BR
Starbucks,25212-239906,CENU,"Company Owned","Sao Paulo",SP,BR
Starbucks,22198-218465,"Tiete Plaza","Company Owned","Sao Paulo",SP,BR
Starbucks,15074-141446,"Shopping Analia Franco","Company Owned","Sao Paulo",SP,BR
Starbucks,15070-138325,"Rua Lavandisca","Company Owned","Sao Paulo",SP,BR
Starbucks,18152-188284,"Manoel da Nobrega","Company Owned","Sao Paulo",SP,BR
Starbucks,15084-119365,"Alameda Santos","Company Owned","Sao Paulo",SP,BR
Starbucks,18059-187909,"Market Place","Company Owned","Sao Paulo",SP,BR
Starbucks,15068-127148,"Top Center Shopping","Company Owned","Sao Paulo",SP,BR
Starbucks,25013-239489,"Praca da Republica","Company Owned","Sao Paulo",SP,BR
Starbucks,15085-119387,"Shopping Ibirapuera","Company Owned","Sao Paulo",SP,BR
Starbucks,23771-231944,"SP Market","Company Owned","Sao Paulo",SP,BR
Starbucks,15078-106618,"Morumbi Shopping New Wing","Company Owned","Sao Paulo",SP,BR
Starbucks,21604-212986,"Universidade Mackenzie","Company Owned","Sao Paulo",SP,BR
Starbucks,17190-179664,RochaVera,"Company Owned","Sao Paulo",SP,BR
Starbucks,19143-199070,"JK Mall","Company Owned","Sao Paulo",SP,BR
Starbucks,15069-134020,"Rua Joao Saad","Company Owned","Sao Paulo",SP,BR
Starbucks,17660-184304,"Trianon Paulista","Company Owned","Sao Paulo",SP,BR
Starbucks,20467-188924,"Gomes de Carvalho","Company Owned","Sao Paulo",SP,BR
Starbucks,17023-178613,"Mooca Plaza Shopping","Company Owned","Sao Paulo",SP,BR
Starbucks,16703-159666,"Universidade Anhembi - Vila Olimpia","Company Owned","Sao Paulo",SP,BR
Starbucks,15079-107036,"Morumbi Shopping Saraiva","Company Owned","Sao Paulo",SP,BR
Starbucks,18060-187907,"Bandeira Paulista","Company Owned","Sao Paulo",SP,BR
Starbucks,20363-203440,"Iguatemi Sorocaba","Company Owned",Sorocaba,SP,BR
Starbucks,20487-206084,"Nassau Airport",Licensed,Nassau,BI,BS
Starbucks,19786-203064,"Sheraton Cable Beach Resort",Licensed,Nassau,NS,BS
Starbucks,32202-107597,"Reef Atlantis",Licensed,Nassau,NS,BS
Starbucks,31197-102257,"Palmdale RCA Building",Licensed,Nassau,NS,BS
Starbucks,30707-155784,"Charlotte Street",Licensed,Nassau,NS,BS
Starbucks,32120-148724,"Cable Cottage",Licensed,Nassau,NS,BS
Starbucks,13053-153764,"Atlantis #2",Licensed,Nassau,NS,BS
Starbucks,18101-187804,"Atlantis - Mayan Temple Pool Deck",Licensed,Nassau,NS,BS
Starbucks,30656-99475,"Marina Village at Atlantis",Licensed,Nassau,NS,BS
Starbucks,31288-104391,"Harbour Bay",Licensed,Nassau,NS,BS
Starbucks,19451-192064,"Kingsview Market","Company Owned",Airdrie,AB,CA
Starbucks,4808-103498,"Sierra Springs","Company Owned",Airdrie,AB,CA
Starbucks,4937-124045,"Tower Lane Mall","Company Owned",Airdrie,AB,CA
Starbucks,74745-97386,"Safeway-Airdrie #281",Licensed,Airdrie,AB,CA
Starbucks,4997-137066,"Dickson Crossing","Company Owned",Airdrie,AB,CA
Starbucks,49107-265792,"Save On Foods East Airdrie",Licensed,Airdrie,AB,CA
Starbucks,4457-85801,"Banff Avenue Mall","Company Owned",Banff,AB,CA
Starbucks,79618-113148,"Safeway - Banff #208",Licensed,Banff,AB,CA
Starbucks,5013-146204,"Brewsters @ Banff Gondola",Licensed,Banff,AB,CA
Starbucks,16143-152236,"Gallerie Beaumnont","Company Owned",Beaumont,AB,CA
Starbucks,74983-102402,"Safeway - Brooks #852",Licensed,Brooks,AB,CA
Starbucks,18193-180784,"The Bow","Company Owned",Calgary,AB,CA
Starbucks,4773-103661,"Genco Place","Company Owned",Calgary,AB,CA
Teavana,28225-250192,"Teavana - Calgary Eaton Centre","Company Owned",Calgary,AB,CA
Starbucks,75131-65123,"Sunterra Mkt - TransCanada Tower",Licensed,Calgary,AB,CA
Starbucks,17369-170484,"Western Canada Place","Company Owned",Calgary,AB,CA
Starbucks,4971-131631,"Inglewood - 11th ST SE and 9th Ave","Company Owned",Calgary,AB,CA
Starbucks,79606-106108,"Safeway - Calgary #221",Licensed,Calgary,AB,CA
Starbucks,47125-238038,"HMS HOST @ YYC Departures Internati",Licensed,Calgary,AB,CA
Starbucks,70335-136373,"Safeway-Calgary #292",Licensed,Calgary,AB,CA
Starbucks,4908-116204,"Huntington Hills","Company Owned",Calgary,AB,CA
Starbucks,74996-104506,"Safeway - Calgary 2243",Licensed,Calgary,AB,CA
Starbucks,4308-1512,"Douglas Square","Company Owned",Calgary,AB,CA
Starbucks,4381-16457,"Brentwood Village NW","Company Owned",Calgary,AB,CA
Teavana,28550-250189,"Teavana - Chinook Centre","Company Owned",Calgary,AB,CA
Starbucks,4549-94631,"Tuscany Drive Market","Company Owned",Calgary,AB,CA
Starbucks,74678-97415,"Safeway-Calgary #293",Licensed,Calgary,AB,CA
Starbucks,22864-223124,"Jamieson Place SW","Company Owned",Calgary,AB,CA
Starbucks,4751-104207,"Beacon Hill - Sarcee & 112th Ave","Company Owned",Calgary,AB,CA
Teavana,28650-250208,"Teavana - Sunridge Mall","Company Owned",Calgary,AB,CA
Starbucks,16668-165944,"Deer Valley Marketplace","Company Owned",Calgary,AB,CA
Starbucks,15406-157545,"YYC-Calgary International Arrivals",Licensed,Calgary,AB,CA
Starbucks,5188-138106,"Shepard Centre Indigo","Company Owned",Calgary,AB,CA
Starbucks,74984-102932,"Safeway - Calgary #212",Licensed,Calgary,AB,CA
Starbucks,16359-159646,"Delta Bow Valley",Licensed,Calgary,AB,CA
Starbucks,25262-240370,"Nexen Building","Company Owned",Calgary,AB,CA
Starbucks,21081-207145,"Suncor Plus +15","Company Owned",Calgary,AB,CA
Starbucks,18180-143144,"Silverado Marketplace","Company Owned",Calgary,AB,CA
Starbucks,4836-106373,"85th St & 9th Ave SW","Company Owned",Calgary,AB,CA
Starbucks,4513-93211,"The Core","Company Owned",Calgary,AB,CA
Starbucks,79713-123485,"Safeway-Calgary #2000",Licensed,Calgary,AB,CA
Starbucks,16971-170564,"Gates of Walden","Company Owned",Calgary,AB,CA
Starbucks,47032-252217,"Sunterra Westmarket",Licensed,Calgary,AB,CA
Starbucks,3494-141218,"Sunterra @ Westjet Offices",Licensed,Calgary,AB,CA
Starbucks,4325-1513,"Crowfoot Chapters","Company Owned",Calgary,AB,CA
Starbucks,74853-100964,"Safeway - Calgary #202",Licensed,Calgary,AB,CA
Starbucks,4411-9638,"Willow Park Village","Company Owned",Calgary,AB,CA
Starbucks,4734-104317,"Bankers Hall Plus +15","Company Owned",Calgary,AB,CA
Starbucks,4275-64439,Westhills,"Company Owned",Calgary,AB,CA
Starbucks,4316-1681,"Centre St & 9 Ave N","Company Owned",Calgary,AB,CA
Starbucks,4543-95050,"Coventry Hills","Company Owned",Calgary,AB,CA
Starbucks,4280-1000,Britannia,"Company Owned",Calgary,AB,CA
Starbucks,4273-876,"Glenmore Landing","Company Owned",Calgary,AB,CA
Starbucks,1549-108548,"Safeway - Calgary #263",Licensed,Calgary,AB,CA
Starbucks,4567-96456,"The Bridges","Company Owned",Calgary,AB,CA
Starbucks,74832-99496,"Safeway - Calgary #2211",Licensed,Calgary,AB,CA
Starbucks,75779-94250,"YYC Calg N Processor, Retail Hall",Licensed,Calgary,AB,CA
Starbucks,4244-877,"Northland Plaza","Company Owned",Calgary,AB,CA
Starbucks,4242-875,Kensington,"Company Owned",Calgary,AB,CA
Starbucks,74471-96065,"Safeway-Calgary #2704",Licensed,Calgary,AB,CA
Starbucks,79555-106107,"Safeway - Calgary #287",Licensed,Calgary,AB,CA
Starbucks,4736-103822,"Calgary House","Company Owned",Calgary,AB,CA
Starbucks,79566-103261,"Safeway - Calgary #276",Licensed,Calgary,AB,CA
Starbucks,17310-177744,Bankview,"Company Owned",Calgary,AB,CA
Starbucks,26826-244166,"East Hills","Company Owned",Calgary,AB,CA
Starbucks,4324-1302,"Gateway South Chapters","Company Owned",Calgary,AB,CA
Starbucks,4272-1075,"4 St & 23 Ave SW","Company Owned",Calgary,AB,CA
Starbucks,75596-80782,"YYC Calgary Central Hall FB",Licensed,Calgary,AB,CA
Starbucks,47118-238035,"HMS HOST @ YYC Departures Transbord",Licensed,Calgary,AB,CA
Starbucks,4876-107838,Sundance,"Company Owned",Calgary,AB,CA
Starbucks,4988-139545,"Newport Village","Company Owned",Calgary,AB,CA
Starbucks,4781-104565,"Sarcee Plaza 37St & 45Ave SW","Company Owned",Calgary,AB,CA
Starbucks,4446-79061,"Kingsland Plaza","Company Owned",Calgary,AB,CA
Starbucks,4930-106303,"London Towne Square","Company Owned",Calgary,AB,CA
Starbucks,4392-12831,"Chinook Chapters","Company Owned",Calgary,AB,CA
Starbucks,3138-135605,Southcentre,"Company Owned",Calgary,AB,CA
Starbucks,4601-97847,"Deerfoot Meadows","Company Owned",Calgary,AB,CA
Starbucks,4413-13201,"Marda Loop","Company Owned",Calgary,AB,CA
Starbucks,4878-119106,"Scotia Centre","Company Owned",Calgary,AB,CA
Starbucks,72478-15113,"YYC Calgary Term A",Licensed,Calgary,AB,CA
Starbucks,4853-107841,"52St & McIvor Blvd SE","Company Owned",Calgary,AB,CA
Starbucks,74854-100260,"Safeway - Calgary #2730",Licensed,Calgary,AB,CA
Starbucks,74714-97382,"Safeway-Calgary #291",Licensed,Calgary,AB,CA
Starbucks,4917-119105,"Aspen Landing","Company Owned",Calgary,AB,CA
Starbucks,4619-98394,"Millrise Centre","Company Owned",Calgary,AB,CA
Starbucks,4423-63940,"16th Ave & 11 Street NW","Company Owned",Calgary,AB,CA
Starbucks,74746-97383,"Safeway-Calgary #288",Licensed,Calgary,AB,CA
Starbucks,4602-94979,Southtrail,"Company Owned",Calgary,AB,CA
Starbucks,4504-93340,"Signal Hill Indigo","Company Owned",Calgary,AB,CA
Starbucks,23241-227404,"Elbow & Southland","Company Owned",Calgary,AB,CA
Starbucks,79698-120206,"Safeway Calgary - #227",Licensed,Calgary,AB,CA
Starbucks,74985-102401,"Safeway - Calgary #296",Licensed,Calgary,AB,CA
Starbucks,7196-145352,"Keynote Center",Licensed,Calgary,AB,CA
Starbucks,70002-120504,"YYC Gate a16",Licensed,Calgary,AB,CA
Starbucks,4403-15393,"Westbrook Mall","Company Owned",Calgary,AB,CA
Starbucks,4559-95425,"Market Mall East","Company Owned",Calgary,AB,CA
Starbucks,4864-103821,Creekside,"Company Owned",Calgary,AB,CA
Starbucks,75976-100261,"The Westin Calgary",Licensed,Calgary,AB,CA
Starbucks,4848-107725,"Devon Tower","Company Owned",Calgary,AB,CA
Starbucks,22865-223125,"8th Avenue Place","Company Owned",Calgary,AB,CA
Starbucks,4399-29216,"Panorama Hills","Company Owned",Calgary,AB,CA
Starbucks,74942-102406,"Safeway - Calgary #294",Licensed,Calgary,AB,CA
Starbucks,4819-105807,"Hotel Arts","Company Owned",Calgary,AB,CA
Starbucks,22945-207164,"McKnight Blvd & Avation Rd","Company Owned",Calgary,AB,CA
Starbucks,17004-164724,"Royal Oak","Company Owned",Calgary,AB,CA
Starbucks,74744-97387,"Safeway-Calgary #280",Licensed,Calgary,AB,CA
Starbucks,4383-14851,"Country Hills","Company Owned",Calgary,AB,CA
Starbucks,16972-175068,"Market Mall SC West","Company Owned",Calgary,AB,CA
Teavana,28637-250185,"Teavana - Market Mall","Company Owned",Calgary,AB,CA
Starbucks,74907-101612,"Safeway - Calgary #285",Licensed,Calgary,AB,CA
Starbucks,4099-105511,"Quarry Park","Company Owned",Calgary,AB,CA
Starbucks,4134-141704,"Safeway-Calgary #874",Licensed,Calgary,AB,CA
Starbucks,4261-929,"17 Avenue SW","Company Owned",Calgary,AB,CA
Starbucks,15548-64121,"U of Calgary - Seasons Bookstore",Licensed,Calgary,AB,CA
Starbucks,47120-238037,"HMS HOST @ YYC Arrivals Internation",Licensed,Calgary,AB,CA
Starbucks,18259-176605,"U of Calgary-Yamnuska Hall",Licensed,Calgary,AB,CA
Teavana,28463-250183,"Teavana - Marlborough Mall","Company Owned",Calgary,AB,CA
Starbucks,4382-16455,"Intact Place","Company Owned",Calgary,AB,CA
Starbucks,4412-48899,"Bankers Hall Main floor","Company Owned",Calgary,AB,CA
Starbucks,75487-115268,"Compass @ Southern Alberta Institut",Licensed,Calgary,AB,CA
Starbucks,4537-95048,Evergreen,"Company Owned",Calgary,AB,CA
Starbucks,27311-246876,"Save On Foods - Seton",Licensed,Calgary,AB,CA
Starbucks,4935-121504,"Bow Valley Square","Company Owned",Calgary,AB,CA
Starbucks,74831-99495,"Safeway - Calgary #2117",Licensed,Calgary,AB,CA
Starbucks,4809-103829,"Livingston Place","Company Owned",Calgary,AB,CA
Starbucks,4735-104203,"Atrium 1 - 5th Ave & 8th St","Company Owned",Calgary,AB,CA
Starbucks,74484-96467,"Safeway-Calgary #2222",Licensed,Calgary,AB,CA
Starbucks,72476-4596,"Calgary Marriott",Licensed,Calgary,AB,CA
Starbucks,4875-119885,"Memorial & Edmonton Trail","Company Owned",Calgary,AB,CA
Starbucks,4725-99845,"Sunridge Mall - Level 1","Company Owned",Calgary,AB,CA
Starbucks,28155-241104,"Univeristy of Calgary, Crowsnest",Licensed,Calgary,AB,CA
Starbucks,4250-932,"Dalhousie Station Chapters","Company Owned",Calgary,AB,CA
Starbucks,20883-207365,"Bowfort Road","Company Owned",Calgary,AB,CA
Starbucks,4844-110584,"Wellington Square","Company Owned",Calgary,AB,CA
Starbucks,4385-2785,"Sunridge Chapters","Company Owned",Calgary,AB,CA
Starbucks,4587-96728,"Suncor main floor","Company Owned",Calgary,AB,CA
Starbucks,4447-77821,"Chinook North","Company Owned",Calgary,AB,CA
Starbucks,26267-206924,"The District","Company Owned",Calgary,AB,CA
Starbucks,4437-75580,"12 Ave & 8th Street SW","Company Owned",Calgary,AB,CA
Starbucks,18774-159648,"Fairmont Palliser Calgary",Licensed,Calgary,AB,CA
Starbucks,4769-103376,"Crowfoot Village","Company Owned",Calgary,AB,CA
Starbucks,74971-103259,"Safeway - Camrose #821",Licensed,Camrose,AB,CA
Starbucks,4197-140458,Camrose,"Company Owned",Camrose,AB,CA
Starbucks,4462-86400,"Mountain Side Village","Company Owned",Canmore,AB,CA
Starbucks,79562-106106,"Safeway - Canmore #2244",Licensed,Canmore,AB,CA
Starbucks,19164-169105,"Chestermere Station","Company Owned",Chestermere,AB,CA
Starbucks,74688-96475,"Safeway-Chestermere #2731",Licensed,Chestermere,AB,CA
Starbucks,4626-99131,"Cochrane City Centre","Company Owned",Cochrane,AB,CA
Starbucks,74829-100385,"Safeway - Cochrane #2219",Licensed,Cochrane,AB,CA
Starbucks,4931-125724,"111 St & Ellerslie Rd","Company Owned",Edmonton,AB,CA
Starbucks,4390-20920,"Sherwood Park Chapters","Company Owned",Edmonton,AB,CA
Starbucks,74483-96466,"Safeway-Edmonton #861",Licensed,Edmonton,AB,CA
Starbucks,23089-214744,"Calgary Trail South","Company Owned",Edmonton,AB,CA
Starbucks,74961-102938,"Safeway - Edmonton #808",Licensed,Edmonton,AB,CA
Starbucks,48302-256337,"Grand Villa Casino",Licensed,Edmonton,AB,CA
Starbucks,4778-106692,"HSBC Bank Place","Company Owned",Edmonton,AB,CA
Starbucks,4467-250431,"Edmonton City Centre","Company Owned",Edmonton,AB,CA
Starbucks,4857-108302,"Matrix Hotel","Company Owned",Edmonton,AB,CA
Starbucks,4334-1770,"Strathcona Chapters","Company Owned",Edmonton,AB,CA
Starbucks,16457-159644,"University of Alberta Engineering",Licensed,Edmonton,AB,CA
Starbucks,4974-138245,"Indigo - Northtown Mall","Company Owned",Edmonton,AB,CA
Starbucks,4360-6146,"Jasper Ave & 109 St","Company Owned",Edmonton,AB,CA
Starbucks,4712-102814,"170th St & 100th Ave","Company Owned",Edmonton,AB,CA
Starbucks,28112-248985,"Save on Foods - Lewis Estates",Licensed,Edmonton,AB,CA
Starbucks,79595-108551,"Safeway - Edmonton #841",Licensed,Edmonton,AB,CA
Starbucks,4404-30259,"High Street","Company Owned",Edmonton,AB,CA
Starbucks,4311-825,"104th Ave.&112th St.","Company Owned",Edmonton,AB,CA
Starbucks,4969-122128,"Oxford Park","Company Owned",Edmonton,AB,CA
Starbucks,4622-97838,"Wolf Willow","Company Owned",Edmonton,AB,CA
Starbucks,29867-240906,"Centre For Applied Technology",Licensed,Edmonton,AB,CA
Starbucks,4618-98388,"Kingsway Ave & 117St","Company Owned",Edmonton,AB,CA
Starbucks,79591-102936,"Safeway - Edmonton #809",Licensed,Edmonton,AB,CA
Starbucks,79612-102940,"Safeway - Edmonton #845",Licensed,Edmonton,AB,CA
Starbucks,4797-251564,Tamarack,"Company Owned",Edmonton,AB,CA
Starbucks,4289-776,"South Pointe Chapters","Company Owned",Edmonton,AB,CA
Starbucks,4096-130484,"Commerce Place","Company Owned",Edmonton,AB,CA
Starbucks,22119-214745,"College Plaza","Company Owned",Edmonton,AB,CA
Teavana,28548-250125,"Teavana - West Edmonton","Company Owned",Edmonton,AB,CA
Starbucks,4672-100582,"99th Ave & 105 Street","Company Owned",Edmonton,AB,CA
Starbucks,47435-247117,"50th Street Market","Company Owned",Edmonton,AB,CA
Starbucks,4108-139065,"North Town Mall 97 St & 137 Ave","Company Owned",Edmonton,AB,CA
Starbucks,4505-93335,"South Edmonton Common Indigo","Company Owned",Edmonton,AB,CA
Starbucks,74500-96848,"Safeway-Edmonton #814",Licensed,Edmonton,AB,CA
Starbucks,4479-91365,"Terwilliger Gardens","Company Owned",Edmonton,AB,CA
Starbucks,75483-108258,"NAIT Common Market",Licensed,Edmonton,AB,CA
Starbucks,4528-93524,"Whyte Avenue","Company Owned",Edmonton,AB,CA
Starbucks,47083-256668,"Currents of Windermere","Company Owned",Edmonton,AB,CA
Starbucks,15390-153487,"Kingsway Mall","Company Owned",Edmonton,AB,CA
Starbucks,4331-1859,"West Edmonton Mall Chapters","Company Owned",Edmonton,AB,CA
Starbucks,48191-261884,"Londonderry Mall","Company Owned",Edmonton,AB,CA
Starbucks,5015-145348,"University of Alberta - Cameron Lib",Licensed,Edmonton,AB,CA
Starbucks,20542-188767,"Upper Windermere","Company Owned",Edmonton,AB,CA
Starbucks,74970-102935,"Safeway - Edmonton #2278",Licensed,Edmonton,AB,CA
Starbucks,74878-100505,"Safeway - Edmonton #881",Licensed,Edmonton,AB,CA
Starbucks,4907-103832,"Hampton Market","Company Owned",Edmonton,AB,CA
Starbucks,4784-103640,"The Grange","Company Owned",Edmonton,AB,CA
Starbucks,74760-97397,"Safeway-Edmonton #877",Licensed,Edmonton,AB,CA
Starbucks,4541-94177,"Empire Building","Company Owned",Edmonton,AB,CA
Starbucks,15628-157391,"Aramark @ University of Alberta",Licensed,Edmonton,AB,CA
Starbucks,16810-170744,"Terrace Rd and 101 Ave","Company Owned",Edmonton,AB,CA
Starbucks,4670-100005,"Millwoods Town Centre","Company Owned",Edmonton,AB,CA
Starbucks,4286-775,"Jasper Gates","Company Owned",Edmonton,AB,CA
Starbucks,20081-188768,Newcastle,"Company Owned",Edmonton,AB,CA
Starbucks,29208-238104,"Brewery District on 104","Company Owned",Edmonton,AB,CA
Starbucks,4630-99174,"23 Ave & 111 St","Company Owned",Edmonton,AB,CA
Starbucks,4375-10283,"Scona Market","Company Owned",Edmonton,AB,CA
Starbucks,4450-82541,"Skyview Power Centre","Company Owned",Edmonton,AB,CA
Starbucks,4671-100371,"Jasper Ave & 119 St","Company Owned",Edmonton,AB,CA
Starbucks,70001-123124,"YEG Edmonton Transborder",Licensed,Edmonton,AB,CA
Starbucks,21476-177684,"Courtyard-Edmonton Int'l Airport",Licensed,Edmonton,AB,CA
Starbucks,19822-199289,"Aramark @ Grant MacEwan Clock Tower",Licensed,Edmonton,AB,CA
Starbucks,17200-172924,"YEG G - 56",Licensed,Edmonton,AB,CA
Starbucks,5021-147847,"Safeway - Edmonton #800",Licensed,Edmonton,AB,CA
Starbucks,15190-149864,"Manning Fwy & Manning","Company Owned",Edmonton,AB,CA
Starbucks,4301-777,"Depot 170 Chapters","Company Owned",Edmonton,AB,CA
Starbucks,16314-168765,"Aramark@ UoA-CCIS Faculty of Scienc",Licensed,Edmonton,AB,CA
Starbucks,79611-102933,"Safeway - Edmonton #802",Licensed,Edmonton,AB,CA
Starbucks,74935-102407,"Safeway - Edmonton #838",Licensed,Edmonton,AB,CA
Starbucks,50329-273645,"Sobeys Walker Edmonton",Licensed,Edmonton,AB,CA
Starbucks,74842-99498,"Safeway - Edmonton #816",Licensed,Edmonton,AB,CA
Starbucks,4820-30260,"South Edmonton Commons","Company Owned",Edmonton,AB,CA
Starbucks,6066-148788,"West Edmonton Mall Ice Palace","Company Owned",Edmonton,AB,CA
Starbucks,4837-103833,"South Park","Company Owned",Edmonton,AB,CA
Starbucks,4939-128484,"McLeod Park","Company Owned",Edmonton,AB,CA
Starbucks,4680-101115,"170th St & 90th Ave NW","Company Owned",Edmonton,AB,CA
Starbucks,16391-168430,"Safeway-Edmonton #887",Licensed,Edmonton,AB,CA
Starbucks,15557-155985,"Southgate Mall","Company Owned",Edmonton,AB,CA
Starbucks,4943-120324,"Ellerslie & Parsons","Company Owned",Edmonton,AB,CA
Starbucks,70000-120609,"YEG C7",Licensed,Edmonton,AB,CA
Starbucks,74933-102399,"Save-on-Foods - Fort McMurray",Licensed,"Fort McMurray",AB,CA
Starbucks,21144-188664,"Stoneycreek Village","Company Owned","Fort McMurray",AB,CA
Starbucks,22041-209287,"Fort McMurray Airport",Licensed,"Fort McMurray",AB,CA
Starbucks,16767-163525,"Frankin Ave & Queen St.","Company Owned","Fort McMurray",AB,CA
Starbucks,74751-97790,"Safeway-Fort McMurray #888",Licensed,"Fort McMurray",AB,CA
Starbucks,74830-100386,"Safeway Fort Saskatchewan #846",Licensed,"Fort Saskatchewan",AB,CA
Starbucks,5039-149606,"Fort Saskatchewan","Company Owned","Fort Saskatchewan",AB,CA
Starbucks,74747-97963,"Safeway-Grand Prairie #810",Licensed,"Grand Prairie",AB,CA
Starbucks,74840-100563,"Safeway - Grand Prairie #826",Licensed,"Grand Prairie",AB,CA
Starbucks,4845-108630,"Mission Heights","Company Owned","Grande Prairie",AB,CA
Starbucks,4838-108631,Cobblestone,"Company Owned","Grande Prairie",AB,CA
Starbucks,4534-94624,"Rio Can Centre","Company Owned","Grande Prairie",AB,CA
Starbucks,70316-102937,"Safeway - Hinton #825",Licensed,Hinton,AB,CA
Starbucks,74715-97393,"Safeway-Leduc #801",Licensed,Leduc,AB,CA
Starbucks,17600-171685,"Leduc Crossroads","Company Owned",Leduc,AB,CA
Starbucks,74730-97380,"Safeway-Lethbridge #2276",Licensed,Lethbridge,AB,CA
Starbucks,4839-107715,"Mayor Magrath Drive","Company Owned",Lethbridge,AB,CA
Starbucks,74499-97331,"Safeway-Lethbridge #299",Licensed,Lethbridge,AB,CA
Starbucks,4628-97843,"West Lethbridge Towne Centre","Company Owned",Lethbridge,AB,CA
Starbucks,4372-10792,"Lethbridge Chapters","Company Owned",Lethbridge,AB,CA
Starbucks,20581-108547,"University Of Lethbridge",Licensed,Lethbridge,AB,CA
Starbucks,4959-105052,"Highway 16 & 75 Street","Company Owned",Lloydminster,AB,CA
Starbucks,22466-220884,"Safeway - Lloydminster #884",Licensed,Lloydminster,AB,CA
Starbucks,4900-119884,"Strachan Road","Company Owned","Medicine Hat",AB,CA
Starbucks,79645-113146,"Safeway - Medicine Hat #2220",Licensed,"Medicine Hat",AB,CA
Starbucks,4677-101293,"Trans Can Hwy & 13th Ave SE","Company Owned","Medicine Hat",AB,CA
Starbucks,49103-265264,"Save On Foods North Lethbridge",Licensed,"North Lethbridge",AB,CA
Starbucks,4532-94881,"Cornerstone Southridge","Company Owned",Okotoks,AB,CA
Starbucks,74752-97381,"Safeway-Okotoks #2223",Licensed,Okotoks,AB,CA
Starbucks,23362-229225,"Bower Place","Company Owned","Red Deer",AB,CA
Starbucks,79542-102931,"Safeway - Red Deer #813",Licensed,"Red Deer",AB,CA
Teavana,28766-250186,"Teavana - Bower Place","Company Owned","Red Deer",AB,CA
Starbucks,4337-1931,"Gaetz Ave Chapters","Company Owned","Red Deer",AB,CA
Starbucks,17770-182188,"Red Deer College",Licensed,"Red Deer",AB,CA
Starbucks,4631-97848,"Red Deer Village","Company Owned","Red Deer",AB,CA
Starbucks,18732-189726,Clearview,"Company Owned","Red Deer",AB,CA
Starbucks,4634-99283,"Taylor Ave & 67th St","Company Owned","Red Deer",AB,CA
Starbucks,16944-165970,"Gasoline Alley","Company Owned","Red Deer County",AB,CA
Teavana,28636-250187,"Teavana - Cross Iron","Company Owned","Rocky View",AB,CA
Starbucks,5063-145250,"Cross Iron Indigo","Company Owned","Rocky View",AB,CA
Starbucks,74748-97396,"Safeway-Sherwood Park #811",Licensed,"Sherwood Park",AB,CA
Starbucks,74749-97398,"Safeway-Sherwood Park #822",Licensed,"Sherwood Park",AB,CA
Starbucks,18977-185484,"Emerald Hills","Company Owned","Sherwood Park",AB,CA
Starbucks,17357-167527,"Millennium Ridge","Company Owned","Sherwood Park",AB,CA
Starbucks,4362-5763,"Baseline Road","Company Owned","Sherwood Park",AB,CA
Starbucks,16768-154344,"Ash St & Wye Rd","Company Owned","Sherwood Park",AB,CA
Starbucks,74784-97801,"Safeway-Spruce Grove #857",Licensed,"Spruce Grove",AB,CA
Starbucks,15607-155027,"Highway 16A & Century Rd","Company Owned","Spruce Grove",AB,CA
Starbucks,4738-102813,"Hwy 16A & Jennifer Heil Way","Company Owned","Spruce Grove",AB,CA
Starbucks,16459-159649,"Servus Credit Union Place",Licensed,"St Albert",AB,CA
Starbucks,79600-102408,"Safeway - St Albert #806",Licensed,"St Albert",AB,CA
Starbucks,23363-229224,"Erin Ridge","Company Owned","St. Albert",AB,CA
Starbucks,4519-81741,"Village Landing","Company Owned","St. Albert",AB,CA
Starbucks,4330-1870,"St.Albert Chapters","Company Owned","St. Albert",AB,CA
Starbucks,4995-137685,"Bellerose Drive","Company Owned","St. Albert",AB,CA
Starbucks,4752-103831,"Giroux Crossing","Company Owned","St. Albert",AB,CA
Starbucks,74750-97800,"Safeway-Stony Plain #823",Licensed,"Stony Plain",AB,CA
Starbucks,18873-180064,"Ranch Market-Strathmore","Company Owned",Strathmore,AB,CA
Starbucks,79531-103262,"Safeway - Wetaskiwin #862",Licensed,Wetaskiwin,AB,CA
Starbucks,16484-136290,"Sumas Mountain Village","Company Owned",Abbotsford,BC,CA
Starbucks,4442-78640,"Sumas Way & DeLair Road","Company Owned",Abbotsford,BC,CA
Starbucks,1633-104763,"Sevenoaks SC - S.Fraser & Gladwin","Company Owned",Abbotsford,BC,CA
Starbucks,28177-250445,"McCallum and No. 1","Company Owned",Abbotsford,BC,CA
Starbucks,4661-99980,"Bakerview - Sumas Way","Company Owned",Abbotsford,BC,CA
Starbucks,70080-103268,"Abbotsford Hospital - main lobby",Licensed,Abbotsford,BC,CA
Starbucks,18623-164186,"High Street - Abbotsford","Company Owned",Abbotsford,BC,CA
Starbucks,20322-198464,"Fraser Station - Abbotsford","Company Owned",Abbotsford,BC,CA
Starbucks,4236-552,"West Oaks Mall","Company Owned",Abbotsford,BC,CA
Starbucks,26135-243089,"Save On Foods Sumas",Licensed,Abbotsford,BC,CA
Starbucks,74876-100963,"Safeway - Abbotsford #88",Licensed,Abbotsford,BC,CA
Starbucks,4623-98618,"Mt. Lehman Centre - Abbotsford","Company Owned",Abbotsford,BC,CA
Starbucks,79692-120228,"Safeway - Aldergrove #165",Licensed,Aldergrove,BC,CA
Starbucks,21731-200386,"SFU - West Mall Building",Licensed,Burnaby,BC,CA
Starbucks,4660-100750,"Tandem - Dawson & Gilmore","Company Owned",Burnaby,BC,CA
Starbucks,79644-107081,"Safeway - Burnaby #44",Licensed,Burnaby,BC,CA
Starbucks,4431-63939,"Brentwood Mall Level 2","Company Owned",Burnaby,BC,CA
Starbucks,29966-256054,"Kingsway - Station Square","Company Owned",Burnaby,BC,CA
Starbucks,74720-96049,"Safeway-Burnaby #42",Licensed,Burnaby,BC,CA
Starbucks,4610-45179,"Metrotown Food Court","Company Owned",Burnaby,BC,CA
Starbucks,4739-103079,"Centrepoint-Kingsway & Miller","Company Owned",Burnaby,BC,CA
Starbucks,4212-1703,"Metrotown Chapters","Company Owned",Burnaby,BC,CA
Starbucks,4821-104450,"Marine Way & Byrne Road","Company Owned",Burnaby,BC,CA
Starbucks,4923-108672,"Lougheed & Holdom","Company Owned",Burnaby,BC,CA
Starbucks,9039-138386,"Lougheed & Willingdon","Company Owned",Burnaby,BC,CA
Starbucks,3067-137671,"Boundary Rd & Canada Way","Company Owned",Burnaby,BC,CA
Starbucks,29914-253954,"Solo District","Company Owned",Burnaby,BC,CA
Starbucks,4453-82766,"Kensington Square","Company Owned",Burnaby,BC,CA
Starbucks,4274-565,"Lougheed Mall","Company Owned",Burnaby,BC,CA
Starbucks,4428-62582,"Metropolis Skytrain","Company Owned",Burnaby,BC,CA
Starbucks,22867-224828,"Simon Fraser University - Cornersto",Licensed,Burnaby,BC,CA
Starbucks,29965-256056,"Station Square Central Blvd.","Company Owned",Burnaby,BC,CA
Starbucks,4873-114186,"Big Bend Crossing - Marine & Byrne","Company Owned",Burnaby,BC,CA
Teavana,28228-250198,"Teavana - Metropolis at Metrotown","Company Owned",Burnaby,BC,CA
Starbucks,4539-94946,"Kingsway & Hall - Highgate Village","Company Owned",Burnaby,BC,CA
Starbucks,74839-99492,"Safeway - Burnaby #121",Licensed,Burnaby,BC,CA
Starbucks,21341-209288,"Fortius Sport and Health",Licensed,Burnaby,BC,CA
Starbucks,127-168,"Carlton Square","Company Owned",Burnaby,BC,CA
Starbucks,4293-556,"Discovery Harbour","Company Owned","Campbell River",BC,CA
Starbucks,4792-106467,"Mariner Square, Campbell River","Company Owned","Campbell River",BC,CA
Starbucks,5031-147306,"Safeway-Castlegar #196",Licensed,Castlegar,BC,CA
Starbucks,4782-105765,"Promontory SC-Vedder & Promontory","Company Owned",Chilliwack,BC,CA
Starbucks,4840-238618,"Edwards Crossing - Yale & Ontario","Company Owned",Chilliwack,BC,CA
Starbucks,189-141,"Salish Plaza - Chilliwack","Company Owned",Chilliwack,BC,CA
Starbucks,4443-76420,"Cottonwood Mall","Company Owned",Chilliwack,BC,CA
Starbucks,74844-96803,"Safeway-Chilliwack #193",Licensed,Chilliwack,BC,CA
Starbucks,16765-160404,"Eagle Landing - Chilliwack","Company Owned",Chilliwack,BC,CA
Starbucks,74898-100956,"Safeway - Chilliwack #99",Licensed,Chilliwack,BC,CA
Starbucks,26373-238617,"Garrison & Vedder","Company Owned",Chilliwack,BC,CA
Starbucks,177-239,"Clearbrook Town Square","Company Owned",Clearbrook,BC,CA
Starbucks,4775-103544,"Cloverdale Crossing-64th & 176th","Company Owned",Cloverdale,BC,CA
Starbucks,4499-91240,"Austin Station","Company Owned",Coquitlam,BC,CA
Starbucks,4421-61619,"Coquitlam Centre","Company Owned",Coquitlam,BC,CA
Starbucks,4825-108844,"Westwood Plateau Village","Company Owned",Coquitlam,BC,CA
Starbucks,167-20,"Pinetree Village","Company Owned",Coquitlam,BC,CA
Starbucks,4435-70260,"Como Lake","Company Owned",Coquitlam,BC,CA
Starbucks,4655-100369,"Eagle Ridge - Lansdowne & Guildford","Company Owned",Coquitlam,BC,CA
Starbucks,136-169,"Prairie Mall","Company Owned",Coquitlam,BC,CA
Starbucks,16715-170124,"United Blvd & Schooner St","Company Owned",Coquitlam,BC,CA
Starbucks,74145-25829,"Safeway-Coquitlam #20",Licensed,Coquitlam,BC,CA
Starbucks,17337-163346,"Crown Isle","Company Owned",Courtenay,BC,CA
Starbucks,4475-89080,"Courtenay Crossing","Company Owned",Courtenay,BC,CA
Starbucks,4894-119405,Cranbrook,"Company Owned",Cranbrook,BC,CA
Starbucks,74943-103267,"Safeway - Cranbrook #2271",Licensed,Cranbrook,BC,CA
Starbucks,27064-246614,"Dawson Creek","Company Owned","Dawson Creek",BC,CA
Starbucks,74974-103270,"Safeway - Dawson Creek #819",Licensed,"Dawson Creek",BC,CA
Starbucks,4615-98529,"Tsawwassen Ferry Terminal","Company Owned",Delta,BC,CA
Starbucks,4483-88804,"Sunshine Hills","Company Owned",Delta,BC,CA
Starbucks,79646-108553,"Safeway - North Delta #14",Licensed,Delta,BC,CA
Starbucks,183-142,Ladner,"Company Owned",Delta,BC,CA
Starbucks,120-171,"Scott & 72nd","Company Owned",Delta,BC,CA
Starbucks,74897-99491,"Safeway - Delta #179",Licensed,Delta,BC,CA
Starbucks,4847-100916,"Beverly Corners at Trans Can Hwy","Company Owned",Duncan,BC,CA
Starbucks,134-200,"Duncan Plaza","Company Owned",Duncan,BC,CA
Starbucks,74469-95981,"Save-on-Foods - Duncan",Licensed,Duncan,BC,CA
Starbucks,26136-242986,"Save On Foods Jasper",Licensed,Edmonton,BC,CA
Starbucks,22729-216504,Fernie,"Company Owned",Fernie,BC,CA
Starbucks,74828-99754,"Safeway - Fort St John #820",Licensed,"Fort St John",BC,CA
Starbucks,4520-213505,"Gibsons Park Plaza","Company Owned",Gibsons,BC,CA
Starbucks,74812-99780,"Safeway Kamloops #89",Licensed,Kamloops,BC,CA
Starbucks,4216-43,"Columbia Place - Kamloops","Company Owned",Kamloops,BC,CA
Starbucks,15686-157767,"Cityview Shopping Centre-Kamloops","Company Owned",Kamloops,BC,CA
Starbucks,4364-6546,"Kamloops Chapters","Company Owned",Kamloops,BC,CA
Starbucks,21339-210884,"Thompson Rivers University",Licensed,Kamloops,BC,CA
Starbucks,74753-97373,"Safeway-Kamloops #56",Licensed,Kamloops,BC,CA
Starbucks,4632-98607,"Columbia St & 3rd Ave - Kamloops","Company Owned",Kamloops,BC,CA
Starbucks,4691-99966,"Summit Ctre - Kamloops","Company Owned",Kamloops,BC,CA
Starbucks,4975-132024,"Valleyview SC - Kamloops","Company Owned",Kamloops,BC,CA
Starbucks,4913-101291,"Northills SC - Kamloops","Company Owned",Kamloops,BC,CA
Starbucks,138-23,"Mission Park","Company Owned",Kelowna,BC,CA
Starbucks,79563-103174,"Safeway - Kelowna #170",Licensed,Kelowna,BC,CA
Teavana,28655-250203,"Teavana - Orchard Park","Company Owned",Kelowna,BC,CA
Starbucks,4641-99593,"Mission Creek Plaza-Kelowna","Company Owned",Kelowna,BC,CA
Starbucks,4852-100915,"Harvey & Gordon-Kelowna","Company Owned",Kelowna,BC,CA
Starbucks,140-2120,"Orchard Park Chapters","Company Owned",Kelowna,BC,CA
Starbucks,4866-113885,"Guisachan Village","Company Owned",Kelowna,BC,CA
Starbucks,4482-89003,"Central Park - Kelowna","Company Owned",Kelowna,BC,CA
Starbucks,4398-28347,"Bernard & Pandosy","Company Owned",Kelowna,BC,CA
Starbucks,4100-132104,"Kelowna Airport Business Park","Company Owned",Kelowna,BC,CA
Starbucks,4640-99641,"Hwy 97 at Leathead-Kelowna","Company Owned",Kelowna,BC,CA
Starbucks,4201-209164,"Rutland Crossing","Company Owned",Kelowna,BC,CA
Starbucks,5077-140164,"Aramark University of British Colum",Licensed,Kelowna,BC,CA
Starbucks,74774-97794,"Safeway-Kelowna #7",Licensed,Kelowna,BC,CA
Starbucks,18727-181424,"Brandt's Creek Crossing","Company Owned",Kelowna,BC,CA
Starbucks,70369-128724,"Save-on-Foods - Ladysmith",Licensed,Ladysmith,BC,CA
Starbucks,17772-182189,"Cascades Casino, Coast Hotel & Conv",Licensed,Langely,BC,CA
Starbucks,4422-64599,"Millstream & McCallum","Company Owned",Langford,BC,CA
Starbucks,4658-100562,"Hull's Corner-Jacklin & Langford","Company Owned",Langford,BC,CA
Starbucks,4785-104821,"Langford Centre","Company Owned",Langford,BC,CA
Starbucks,4713-100741,"Thunderbird - 200th & 88th","Company Owned",Langley,BC,CA
Starbucks,15166-151569,"Willowbrook Shopping Centre","Company Owned",Langley,BC,CA
Starbucks,4577-96689,"Valley Centre","Company Owned",Langley,BC,CA
Starbucks,4299-1378,"Langley / Chapters","Company Owned",Langley,BC,CA
Starbucks,4481-89662,"208th & Fraser - Langley","Company Owned",Langley,BC,CA
Starbucks,4721-103479,"Brookswood Village-200th & 40th","Company Owned",Langley,BC,CA
Starbucks,4726-101459,"200th St & 86th Ave D/T-Langley","Company Owned",Langley,BC,CA
Starbucks,74754-97377,"Safeway-Langley #59",Licensed,Langley,BC,CA
Starbucks,4231-39,"Walnut Grove","Company Owned",Langley,BC,CA
Starbucks,74461-95602,"Safeway-Langley #43",Licensed,Langley,BC,CA
Starbucks,4558-95730,"Jericho Corner Shopping Centre","Company Owned",Langley,BC,CA
Starbucks,27236-246106,"Langley City Square","Company Owned",Langley,BC,CA
Starbucks,4727-103669,"Dewdney Trunk & 240th","Company Owned","Maple Ridge",BC,CA
Starbucks,147-19,"Valley Fair Mall","Company Owned","Maple Ridge",BC,CA
Starbucks,4529-94428,"Dewdney & 227th - Maple Ridge","Company Owned","Maple Ridge",BC,CA
Starbucks,195-954,"Westgate Cntr/Mpl Rdg","Company Owned","Maple Ridge",BC,CA
Starbucks,74146-28935,"Safeway-Maple Ridge #198",Licensed,"Maple Ridge",BC,CA
Starbucks,4826-108633,"DeWolf & Voght - Merritt","Company Owned",Merritt,BC,CA
Starbucks,79694-120227,"Safeway Mission  - #142",Licensed,Mission,BC,CA
Starbucks,4345-791,"Mission Junction Shopping Center","Company Owned",Mission,BC,CA
Starbucks,4987-133207,"Metral Station - Nanaimo","Company Owned",Nanaimo,BC,CA
Starbucks,4741-100791,"Terminal SC @ Princess Ave-Nanaimo","Company Owned",Nanaimo,BC,CA
Starbucks,4989-133209,"University Village - Nanaimo","Company Owned",Nanaimo,BC,CA
Starbucks,4964-133208,"Departure Bay Ferry Terminal","Company Owned",Nanaimo,BC,CA
Starbucks,16811-163345,"Port Place Mall-Nanaimo","Company Owned",Nanaimo,BC,CA
Starbucks,4554-95426,"Country Club Centre","Company Owned",Nanaimo,BC,CA
Starbucks,4393-22801,"Woodgrove Chapters","Company Owned",Nanaimo,BC,CA
Starbucks,74845-100503,"Safeway - Nelson #133",Licensed,Nelson,BC,CA
Starbucks,79718-128727,"Safeway-New Westminster #58",Licensed,"New Westminster",BC,CA
Starbucks,4810-107004,"E. Columbia & Sherbrooke","Company Owned","New Westminster",BC,CA
Starbucks,16633-168428,"Safeway-New Westminster #82",Licensed,"New Westminster",BC,CA
Starbucks,181-233,"Westminster Mall","Company Owned","New Westminster",BC,CA
Starbucks,17113-113925,"Shops at NewWest","Company Owned","New Westminster",BC,CA
Starbucks,137-22,"Royal Square","Company Owned","New Westminster",BC,CA
Starbucks,4599-96885,"Queensborough Landing","Company Owned","New Westminster",BC,CA
Starbucks,19783-136269,"The Brewery District-New West","Company Owned","New Westminster",BC,CA
Starbucks,74889-99486,"Save-on-Food - New Westminster",Licensed,"New Westminster",BC,CA
Starbucks,7149-136086,"Columbia Square Plaza","Company Owned","New Westminster",BC,CA
Starbucks,4204-31,"6th & Columbia","Company Owned","New Westminster",BC,CA
Starbucks,182-143,"13th & Lonsdale","Company Owned","North Vancouver",BC,CA
Starbucks,161-190,"Park & Tilford","Company Owned","North Vancouver",BC,CA
Starbucks,172-237,"Lynn Valley","Company Owned","North Vancouver",BC,CA
Starbucks,79607-97796,"Safeway-North Vancouver #23",Licensed,"North Vancouver",BC,CA
Starbucks,4919-125004,"1331 Main Street","Company Owned","North Vancouver",BC,CA
Starbucks,4728-103755,"Lonsdale Ave & 17th","Company Owned","North Vancouver",BC,CA
Starbucks,4440-75600,"Capilano Mall","Company Owned","North Vancouver",BC,CA
Starbucks,4563-96073,"Lonsdale Quay","Company Owned","North Vancouver",BC,CA
Starbucks,74965-103271,"Safeway - North Vancouver #162",Licensed,"North Vancouver",BC,CA
Starbucks,180-240,"Deep Cove","Company Owned","North Vancouver",BC,CA
Starbucks,170-49,Edgemont,"Company Owned","North Vancouver",BC,CA
Starbucks,4714-101455,"Lonsdale & 29th","Company Owned","North Vancouver",BC,CA
Starbucks,141-227,"Pemberton Plaza","Company Owned","North Vancouver",BC,CA
Starbucks,4707-101288,"Lonsdale Ave & 3rd St","Company Owned","North Vancouver",BC,CA
Starbucks,4643-99833,"Island Hwy & Mills Rd","Company Owned",Parksville,BC,CA
Starbucks,74378-92181,"Safeway-Penticton #153",Licensed,Penticton,BC,CA
Starbucks,4616-98531,"Main St & Front St - Penticton","Company Owned",Penticton,BC,CA
Starbucks,4224-44,"Cherry Lane - Penticton","Company Owned",Penticton,BC,CA
Starbucks,4972-104887,"Hwy 97 & Riverside Dr - Penticton","Company Owned",Penticton,BC,CA
Starbucks,4269-1257,Meadowvale,"Company Owned","Pitt Meadows",BC,CA
Starbucks,4686-99705,"Pacific Rim Station-Pt Alberni D/T","Company Owned","Port Alberni",BC,CA
Starbucks,4415-45260,"Shaughnessy Street","Company Owned","Port Coquitlam",BC,CA
Starbucks,18235-152330,"Fremont Village - Coquitlam","Company Owned","Port Coquitlam",BC,CA
Starbucks,4682-100790,"Oxford & Lougheed","Company Owned","Port Coquitlam",BC,CA
Starbucks,74462-95599,"Safeway-Port Coquitlam #93",Licensed,"Port Coquitlam",BC,CA
Starbucks,27291-246105,"Broadway Junction","Company Owned","Port Coquitlam",BC,CA
Starbucks,4895-104704,"Suter Brook Village","Company Owned","Port Moody",BC,CA
Starbucks,143-17,"Heritage Mountain","Company Owned","Port Moody",BC,CA
Starbucks,126-170,"Port Moody","Company Owned","Port Moody",BC,CA
Starbucks,79575-106737,"Safeway - Powell River #182",Licensed,"Powell River",BC,CA
Starbucks,4705-101307,"Town Ctr Mall-Powell River","Company Owned","Powell River",BC,CA
Starbucks,4419-58659,Spruceland,"Company Owned","Prince George",BC,CA
Starbucks,4590-97211,"West Central & 15th Avenue - PG","Company Owned","Prince George",BC,CA
Starbucks,4452-79463,"College Heights","Company Owned","Prince George",BC,CA
Starbucks,4042-138017,"Ramada Plaza Prince George",Licensed,"Prince George",BC,CA
Starbucks,4746-101457,"Pine Ctre -Prince George","Company Owned","Prince George",BC,CA
Starbucks,74759-97791,"Safeway-Prince Rupert #78",Licensed,"Prince Rupert",BC,CA
Starbucks,70370-128726,"Safeway-Quesnel #71",Licensed,Quesnel,BC,CA
Starbucks,25806-242506,"Revelstoke Trans Canada","Company Owned",Revelstoke,BC,CA
Starbucks,79539-97379,"Safeway-Richmond #191",Licensed,Richmond,BC,CA
Starbucks,4429-65420,"Ironwood Plaza","Company Owned",Richmond,BC,CA
Starbucks,163-250,Ackroyd,"Company Owned",Richmond,BC,CA
Starbucks,4687-100789,"Steveston - No. 1 & Bayview","Company Owned",Richmond,BC,CA
Starbucks,72345-6248,"YVR Vancouver Flagship, Level 3",Licensed,Richmond,BC,CA
Starbucks,4466-86440,"Bridgeport & Sweden","Company Owned",Richmond,BC,CA
Starbucks,4849-103752,"Bridgeport & No 3 Road","Company Owned",Richmond,BC,CA
Starbucks,2026-107084,"Sherton Vancouver Airport",Licensed,Richmond,BC,CA
Starbucks,72416-3788,"YVR Vancouver Pier C",Licensed,Richmond,BC,CA
Starbucks,178-78,Blundell,"Company Owned",Richmond,BC,CA
Starbucks,75952-106531,"YVR West Chevron",Licensed,Richmond,BC,CA
Starbucks,72343-6246,"YVR Vancouver Main/DTB",Licensed,Richmond,BC,CA
Teavana,28460-250202,"Teavana - Richmond Centre","Company Owned",Richmond,BC,CA
Starbucks,125-167,"Richlea Square","Company Owned",Richmond,BC,CA
Starbucks,4349-1305,"No.1 & Westminster /TerraNova","Company Owned",Richmond,BC,CA
Starbucks,3646-142867,"YVR Concourse A Gate A2",Licensed,Richmond,BC,CA
Starbucks,72112-2995,"Richmond Hospital/Lobby",Licensed,Richmond,BC,CA
Starbucks,72346-6249,"YVR Vancouver US Departures",Licensed,Richmond,BC,CA
Starbucks,79604-107924,"Safeway - Richmond #138",Licensed,Richmond,BC,CA
Starbucks,4426-63922,"Richmond Centre","Company Owned",Richmond,BC,CA
Starbucks,79781-133528,"Save-on-Foods - Tillicum Victoria",Licensed,Saanich,BC,CA
Starbucks,25625-240506,"Gateway Village Saanich","Company Owned",Saanich,BC,CA
Starbucks,17191-176384,"Piccadilly Mall - Salmon Arm","Company Owned","Salmon Arm",BC,CA
Starbucks,4673-99704,"Tsain-Ko Village Sechelt","Company Owned",Sechelt,BC,CA
Starbucks,74955-103265,"Save-on-Foods - Sidney",Licensed,Sidney,BC,CA
Starbucks,4262-779,Sidney,"Company Owned",Sidney,BC,CA
Starbucks,16202-168426,"Compass-Victoria International Airp",Licensed,Sidney,BC,CA
Starbucks,79648-107923,"Safeway - Smithers #144",Licensed,Smithers,BC,CA
Starbucks,194-140,Whiterock,"Company Owned","South Surrey",BC,CA
Starbucks,4560-95697,"Garibaldi Village - Squamish","Company Owned",Squamish,BC,CA
Starbucks,4243-41,Squamish,"Company Owned",Squamish,BC,CA
Starbucks,74729-97793,"Safeway-Surrey #92",Licensed,Surrey,BC,CA
Teavana,28336-250169,"Teavana - Guildford Town Centre","Company Owned",Surrey,BC,CA
Starbucks,70382-128708,"Safeway-Surrey #1",Licensed,Surrey,BC,CA
Starbucks,139-24,Cloverdale,"Company Owned",Surrey,BC,CA
Starbucks,79695-115465,"Safeway - Surrey #184",Licensed,Surrey,BC,CA
Starbucks,4593-97123,"Tribeca - 152nd & KGB","Company Owned",Surrey,BC,CA
Starbucks,142-25,"Ocean Park","Company Owned",Surrey,BC,CA
Starbucks,18290-186230,"Morgan Crossing","Company Owned",Surrey,BC,CA
Starbucks,21565-204745,"Surrey Park Place","Company Owned",Surrey,BC,CA
Starbucks,4811-104761,"108th & 160th - Fraser Heights","Company Owned",Surrey,BC,CA
Starbucks,4976-128764,"Nordel Annex - Nordel & 120th","Company Owned",Surrey,BC,CA
Starbucks,74757-97374,"Safeway-Surrey #47",Licensed,Surrey,BC,CA
Starbucks,4406-29575,"South Surrey Power Centre","Company Owned",Surrey,BC,CA
Starbucks,4783-100748,"Panorama Village -Hwy 10 & 152nd","Company Owned",Surrey,BC,CA
Starbucks,19771-170812,"Guildford Town Centre Level 1","Company Owned",Surrey,BC,CA
Starbucks,144-16,"Newton Village","Company Owned",Surrey,BC,CA
Starbucks,17256-103543,"Brick Yard Station - Cloverdale","Company Owned",Surrey,BC,CA
Starbucks,4468-84041,"10174 152nd St - Guildford","Company Owned",Surrey,BC,CA
Starbucks,22435-204730,"City Centre 1","Company Owned",Surrey,BC,CA
Starbucks,4715-101540,"Cedar Hills-96th & 128th","Company Owned",Surrey,BC,CA
Starbucks,4473-190624,"Guildford Town Centre Level 2","Company Owned",Surrey,BC,CA
Starbucks,4596-97669,"Alder Crossing - 148th & KGH","Company Owned",Surrey,BC,CA
Starbucks,74758-97376,"Safeway-Surrey #62",Licensed,Surrey,BC,CA
Starbucks,4255-961,"London Station","Company Owned",Surrey,BC,CA
Starbucks,4620-97785,"Clayton Crossing","Company Owned",Surrey,BC,CA
Starbucks,4105-119524,"Fraser Hwy & 159th","Company Owned",Surrey,BC,CA
Starbucks,4941-104025,"Central City Shopping Centre","Company Owned",Surrey,BC,CA
Starbucks,4865-104880,"Indigo at Grandview Corners","Company Owned",Surrey,BC,CA
